Date,Trend
2007-01-01 , 100
2007-01-02 , 100
2007-01-03 , 100
2007-01-04 , 100
2007-01-05 , 100
2007-01-06 , 100
2007-01-07 , 100
2007-01-08 , 100
2007-01-09 , 100
2007-01-10 , 100
2007-01-11 , 100
2007-01-12 , 100
2007-01-13 , 100
2007-01-14 , 62
2007-01-15 , 62
2007-01-16 , 62
2007-01-17 , 62
2007-01-18 , 62
2007-01-19 , 62
2007-01-20 , 62
2007-01-21 , 53
2007-01-22 , 53
2007-01-23 , 53
2007-01-24 , 53
2007-01-25 , 53
2007-01-26 , 53
2007-01-27 , 53
2007-01-28 , 54
2007-01-29 , 54
2007-01-30 , 54
2007-01-31 , 54
2007-02-01 , 54
2007-02-02 , 54
2007-02-03 , 54
2007-02-04 , 52
2007-02-05 , 52
2007-02-06 , 52
2007-02-07 , 52
2007-02-08 , 52
2007-02-09 , 52
2007-02-10 , 52
2007-02-11 , 49
2007-02-12 , 49
2007-02-13 , 49
2007-02-14 , 49
2007-02-15 , 49
2007-02-16 , 49
2007-02-17 , 49
2007-02-18 , 50
2007-02-19 , 50
2007-02-20 , 50
2007-02-21 , 50
2007-02-22 , 50
2007-02-23 , 50
2007-02-24 , 50
2007-02-25 , 48
2007-02-26 , 48
2007-02-27 , 48
2007-02-28 , 48
2007-03-01 , 48
2007-03-02 , 48
2007-03-03 , 48
2007-03-04 , 47
2007-03-05 , 47
2007-03-06 , 47
2007-03-07 , 47
2007-03-08 , 47
2007-03-09 , 47
2007-03-10 , 47
2007-03-11 , 46
2007-03-12 , 46
2007-03-13 , 46
2007-03-14 , 46
2007-03-15 , 46
2007-03-16 , 46
2007-03-17 , 46
2007-03-18 , 49
2007-03-19 , 49
2007-03-20 , 49
2007-03-21 , 49
2007-03-22 , 49
2007-03-23 , 49
2007-03-24 , 49
2007-03-25 , 49
2007-03-26 , 49
2007-03-27 , 49
2007-03-28 , 49
2007-03-29 , 49
2007-03-30 , 49
2007-03-31 , 49
2007-04-01 , 49
2007-04-02 , 49
2007-04-03 , 49
2007-04-04 , 49
2007-04-05 , 49
2007-04-06 , 49
2007-04-07 , 49
2007-04-08 , 47
2007-04-09 , 47
2007-04-10 , 47
2007-04-11 , 47
2007-04-12 , 47
2007-04-13 , 47
2007-04-14 , 47
2007-04-15 , 44
2007-04-16 , 44
2007-04-17 , 44
2007-04-18 , 44
2007-04-19 , 44
2007-04-20 , 44
2007-04-21 , 44
2007-04-22 , 45
2007-04-23 , 45
2007-04-24 , 45
2007-04-25 , 45
2007-04-26 , 45
2007-04-27 , 45
2007-04-28 , 45
2007-04-29 , 45
2007-04-30 , 45
2007-05-01 , 45
2007-05-02 , 45
2007-05-03 , 45
2007-05-04 , 45
2007-05-05 , 45
2007-05-06 , 44
2007-05-07 , 44
2007-05-08 , 44
2007-05-09 , 44
2007-05-10 , 44
2007-05-11 , 44
2007-05-12 , 44
2007-05-13 , 45
2007-05-14 , 45
2007-05-15 , 45
2007-05-16 , 45
2007-05-17 , 45
2007-05-18 , 45
2007-05-19 , 45
2007-05-20 , 43
2007-05-21 , 43
2007-05-22 , 43
2007-05-23 , 43
2007-05-24 , 43
2007-05-25 , 43
2007-05-26 , 43
2007-05-27 , 44
2007-05-28 , 44
2007-05-29 , 44
2007-05-30 , 44
2007-05-31 , 44
2007-06-01 , 44
2007-06-02 , 44
2007-06-03 , 50
2007-06-04 , 50
2007-06-05 , 50
2007-06-06 , 50
2007-06-07 , 50
2007-06-08 , 50
2007-06-09 , 50
2007-06-10 , 57
2007-06-11 , 57
2007-06-12 , 57
2007-06-13 , 57
2007-06-14 , 57
2007-06-15 , 57
2007-06-16 , 57
2007-06-17 , 50
2007-06-18 , 50
2007-06-19 , 50
2007-06-20 , 50
2007-06-21 , 50
2007-06-22 , 50
2007-06-23 , 50
2007-06-24 , 58
2007-06-25 , 58
2007-06-26 , 58
2007-06-27 , 58
2007-06-28 , 58
2007-06-29 , 58
2007-06-30 , 58
2007-07-01 , 58
2007-07-02 , 58
2007-07-03 , 58
2007-07-04 , 58
2007-07-05 , 58
2007-07-06 , 58
2007-07-07 , 58
2007-07-08 , 51
2007-07-09 , 51
2007-07-10 , 51
2007-07-11 , 51
2007-07-12 , 51
2007-07-13 , 51
2007-07-14 , 51
2007-07-15 , 48
2007-07-16 , 48
2007-07-17 , 48
2007-07-18 , 48
2007-07-19 , 48
2007-07-20 , 48
2007-07-21 , 48
2007-07-22 , 48
2007-07-23 , 48
2007-07-24 , 48
2007-07-25 , 48
2007-07-26 , 48
2007-07-27 , 48
2007-07-28 , 48
2007-07-29 , 49
2007-07-30 , 49
2007-07-31 , 49
2007-08-01 , 49
2007-08-02 , 49
2007-08-03 , 49
2007-08-04 , 49
2007-08-05 , 58
2007-08-06 , 58
2007-08-07 , 58
2007-08-08 , 58
2007-08-09 , 58
2007-08-10 , 58
2007-08-11 , 58
2007-08-12 , 51
2007-08-13 , 51
2007-08-14 , 51
2007-08-15 , 51
2007-08-16 , 51
2007-08-17 , 51
2007-08-18 , 51
2007-08-19 , 49
2007-08-20 , 49
2007-08-21 , 49
2007-08-22 , 49
2007-08-23 , 49
2007-08-24 , 49
2007-08-25 , 49
2007-08-26 , 50
2007-08-27 , 50
2007-08-28 , 50
2007-08-29 , 50
2007-08-30 , 50
2007-08-31 , 50
2007-09-01 , 50
2007-09-02 , 76
2007-09-03 , 76
2007-09-04 , 76
2007-09-05 , 76
2007-09-06 , 76
2007-09-07 , 76
2007-09-08 , 76
2007-09-09 , 66
2007-09-10 , 66
2007-09-11 , 66
2007-09-12 , 66
2007-09-13 , 66
2007-09-14 , 66
2007-09-15 , 66
2007-09-16 , 64
2007-09-17 , 64
2007-09-18 , 64
2007-09-19 , 64
2007-09-20 , 64
2007-09-21 , 64
2007-09-22 , 64
2007-09-23 , 62
2007-09-24 , 62
2007-09-25 , 62
2007-09-26 , 62
2007-09-27 , 62
2007-09-28 , 62
2007-09-29 , 62
2007-09-30 , 60
2007-10-01 , 60
2007-10-02 , 60
2007-10-03 , 60
2007-10-04 , 60
2007-10-05 , 60
2007-10-06 , 60
2007-10-07 , 57
2007-10-08 , 57
2007-10-09 , 57
2007-10-10 , 57
2007-10-11 , 57
2007-10-12 , 57
2007-10-13 , 57
2007-10-14 , 59
2007-10-15 , 59
2007-10-16 , 59
2007-10-17 , 59
2007-10-18 , 59
2007-10-19 , 59
2007-10-20 , 59
2007-10-21 , 63
2007-10-22 , 63
2007-10-23 , 63
2007-10-24 , 63
2007-10-25 , 63
2007-10-26 , 63
2007-10-27 , 63
2007-10-28 , 64
2007-10-29 , 64
2007-10-30 , 64
2007-10-31 , 64
2007-11-01 , 64
2007-11-02 , 64
2007-11-03 , 64
2007-11-04 , 62
2007-11-05 , 62
2007-11-06 , 62
2007-11-07 , 62
2007-11-08 , 62
2007-11-09 , 62
2007-11-10 , 62
2007-11-11 , 61
2007-11-12 , 61
2007-11-13 , 61
2007-11-14 , 61
2007-11-15 , 61
2007-11-16 , 61
2007-11-17 , 61
2007-11-18 , 64
2007-11-19 , 64
2007-11-20 , 64
2007-11-21 , 64
2007-11-22 , 64
2007-11-23 , 64
2007-11-24 , 64
2007-11-25 , 64
2007-11-26 , 64
2007-11-27 , 64
2007-11-28 , 64
2007-11-29 , 64
2007-11-30 , 64
2007-12-01 , 64
2007-12-02 , 65
2007-12-03 , 65
2007-12-04 , 65
2007-12-05 , 65
2007-12-06 , 65
2007-12-07 , 65
2007-12-08 , 65
2007-12-09 , 65
2007-12-10 , 65
2007-12-11 , 65
2007-12-12 , 65
2007-12-13 , 65
2007-12-14 , 65
2007-12-15 , 65
2007-12-16 , 66
2007-12-17 , 66
2007-12-18 , 66
2007-12-19 , 66
2007-12-20 , 66
2007-12-21 , 66
2007-12-22 , 66
2007-12-23 , 83
2007-12-24 , 83
2007-12-25 , 83
2007-12-26 , 83
2007-12-27 , 83
2007-12-28 , 83
2007-12-29 , 83
2007-12-30 , 66
2008-01-01 , 73
2008-01-02 , 73
2008-01-03 , 73
2008-01-04 , 73
2008-01-05 , 73
2008-01-06 , 73
2008-01-07 , 73
2008-01-08 , 73
2008-01-09 , 73
2008-01-10 , 73
2008-01-11 , 73
2008-01-12 , 73
2008-01-13 , 100
2008-01-14 , 100
2008-01-15 , 100
2008-01-16 , 100
2008-01-17 , 100
2008-01-18 , 100
2008-01-19 , 100
2008-01-20 , 79
2008-01-21 , 79
2008-01-22 , 79
2008-01-23 , 79
2008-01-24 , 79
2008-01-25 , 79
2008-01-26 , 79
2008-01-27 , 73
2008-01-28 , 73
2008-01-29 , 73
2008-01-30 , 73
2008-01-31 , 73
2008-02-01 , 73
2008-02-02 , 73
2008-02-03 , 74
2008-02-04 , 74
2008-02-05 , 74
2008-02-06 , 74
2008-02-07 , 74
2008-02-08 , 74
2008-02-09 , 74
2008-02-10 , 72
2008-02-11 , 72
2008-02-12 , 72
2008-02-13 , 72
2008-02-14 , 72
2008-02-15 , 72
2008-02-16 , 72
2008-02-17 , 72
2008-02-18 , 72
2008-02-19 , 72
2008-02-20 , 72
2008-02-21 , 72
2008-02-22 , 72
2008-02-23 , 72
2008-02-24 , 70
2008-02-25 , 70
2008-02-26 , 70
2008-02-27 , 70
2008-02-28 , 70
2008-02-29 , 70
2008-03-01 , 70
2008-03-02 , 69
2008-03-03 , 69
2008-03-04 , 69
2008-03-05 , 69
2008-03-06 , 69
2008-03-07 , 69
2008-03-08 , 69
2008-03-09 , 68
2008-03-10 , 68
2008-03-11 , 68
2008-03-12 , 68
2008-03-13 , 68
2008-03-14 , 68
2008-03-15 , 68
2008-03-16 , 71
2008-03-17 , 71
2008-03-18 , 71
2008-03-19 , 71
2008-03-20 , 71
2008-03-21 , 71
2008-03-22 , 71
2008-03-23 , 70
2008-03-24 , 70
2008-03-25 , 70
2008-03-26 , 70
2008-03-27 , 70
2008-03-28 , 70
2008-03-29 , 70
2008-03-30 , 68
2008-03-31 , 68
2008-04-01 , 68
2008-04-02 , 68
2008-04-03 , 68
2008-04-04 , 68
2008-04-05 , 68
2008-04-06 , 63
2008-04-07 , 63
2008-04-08 , 63
2008-04-09 , 63
2008-04-10 , 63
2008-04-11 , 63
2008-04-12 , 63
2008-04-13 , 63
2008-04-14 , 63
2008-04-15 , 63
2008-04-16 , 63
2008-04-17 , 63
2008-04-18 , 63
2008-04-19 , 63
2008-04-20 , 63
2008-04-21 , 63
2008-04-22 , 63
2008-04-23 , 63
2008-04-24 , 63
2008-04-25 , 63
2008-04-26 , 63
2008-04-27 , 64
2008-04-28 , 64
2008-04-29 , 64
2008-04-30 , 64
2008-05-01 , 64
2008-05-02 , 64
2008-05-03 , 64
2008-05-04 , 61
2008-05-05 , 61
2008-05-06 , 61
2008-05-07 , 61
2008-05-08 , 61
2008-05-09 , 61
2008-05-10 , 61
2008-05-11 , 62
2008-05-12 , 62
2008-05-13 , 62
2008-05-14 , 62
2008-05-15 , 62
2008-05-16 , 62
2008-05-17 , 62
2008-05-18 , 60
2008-05-19 , 60
2008-05-20 , 60
2008-05-21 , 60
2008-05-22 , 60
2008-05-23 , 60
2008-05-24 , 60
2008-05-25 , 61
2008-05-26 , 61
2008-05-27 , 61
2008-05-28 , 61
2008-05-29 , 61
2008-05-30 , 61
2008-05-31 , 61
2008-06-01 , 61
2008-06-02 , 61
2008-06-03 , 61
2008-06-04 , 61
2008-06-05 , 61
2008-06-06 , 61
2008-06-07 , 61
2008-06-08 , 90
2008-06-09 , 90
2008-06-10 , 90
2008-06-11 , 90
2008-06-12 , 90
2008-06-13 , 90
2008-06-14 , 90
2008-06-15 , 68
2008-06-16 , 68
2008-06-17 , 68
2008-06-18 , 68
2008-06-19 , 68
2008-06-20 , 68
2008-06-21 , 68
2008-06-22 , 65
2008-06-23 , 65
2008-06-24 , 65
2008-06-25 , 65
2008-06-26 , 65
2008-06-27 , 65
2008-06-28 , 65
2008-06-29 , 65
2008-06-30 , 65
2008-07-01 , 65
2008-07-02 , 65
2008-07-03 , 65
2008-07-04 , 65
2008-07-05 , 65
2008-07-06 , 84
2008-07-07 , 84
2008-07-08 , 84
2008-07-09 , 84
2008-07-10 , 84
2008-07-11 , 84
2008-07-12 , 84
2008-07-13 , 85
2008-07-14 , 85
2008-07-15 , 85
2008-07-16 , 85
2008-07-17 , 85
2008-07-18 , 85
2008-07-19 , 85
2008-07-20 , 77
2008-07-21 , 77
2008-07-22 , 77
2008-07-23 , 77
2008-07-24 , 77
2008-07-25 , 77
2008-07-26 , 77
2008-07-27 , 74
2008-07-28 , 74
2008-07-29 , 74
2008-07-30 , 74
2008-07-31 , 74
2008-08-01 , 74
2008-08-02 , 74
2008-08-03 , 72
2008-08-04 , 72
2008-08-05 , 72
2008-08-06 , 72
2008-08-07 , 72
2008-08-08 , 72
2008-08-09 , 72
2008-08-10 , 71
2008-08-11 , 71
2008-08-12 , 71
2008-08-13 , 71
2008-08-14 , 71
2008-08-15 , 71
2008-08-16 , 71
2008-08-17 , 70
2008-08-18 , 70
2008-08-19 , 70
2008-08-20 , 70
2008-08-21 , 70
2008-08-22 , 70
2008-08-23 , 70
2008-08-24 , 70
2008-08-25 , 70
2008-08-26 , 70
2008-08-27 , 70
2008-08-28 , 70
2008-08-29 , 70
2008-08-30 , 70
2008-08-31 , 70
2008-09-01 , 70
2008-09-02 , 70
2008-09-03 , 70
2008-09-04 , 70
2008-09-05 , 70
2008-09-06 , 70
2008-09-07 , 92
2008-09-08 , 92
2008-09-09 , 92
2008-09-10 , 92
2008-09-11 , 92
2008-09-12 , 92
2008-09-13 , 92
2008-09-14 , 76
2008-09-15 , 76
2008-09-16 , 76
2008-09-17 , 76
2008-09-18 , 76
2008-09-19 , 76
2008-09-20 , 76
2008-09-21 , 74
2008-09-22 , 74
2008-09-23 , 74
2008-09-24 , 74
2008-09-25 , 74
2008-09-26 , 74
2008-09-27 , 74
2008-09-28 , 74
2008-09-29 , 74
2008-09-30 , 74
2008-10-01 , 74
2008-10-02 , 74
2008-10-03 , 74
2008-10-04 , 74
2008-10-05 , 71
2008-10-06 , 71
2008-10-07 , 71
2008-10-08 , 71
2008-10-09 , 71
2008-10-10 , 71
2008-10-11 , 71
2008-10-12 , 88
2008-10-13 , 88
2008-10-14 , 88
2008-10-15 , 88
2008-10-16 , 88
2008-10-17 , 88
2008-10-18 , 88
2008-10-19 , 72
2008-10-20 , 72
2008-10-21 , 72
2008-10-22 , 72
2008-10-23 , 72
2008-10-24 , 72
2008-10-25 , 72
2008-10-26 , 69
2008-10-27 , 69
2008-10-28 , 69
2008-10-29 , 69
2008-10-30 , 69
2008-10-31 , 69
2008-11-01 , 69
2008-11-02 , 67
2008-11-03 , 67
2008-11-04 , 67
2008-11-05 , 67
2008-11-06 , 67
2008-11-07 , 67
2008-11-08 , 67
2008-11-09 , 69
2008-11-10 , 69
2008-11-11 , 69
2008-11-12 , 69
2008-11-13 , 69
2008-11-14 , 69
2008-11-15 , 69
2008-11-16 , 70
2008-11-17 , 70
2008-11-18 , 70
2008-11-19 , 70
2008-11-20 , 70
2008-11-21 , 70
2008-11-22 , 70
2008-11-23 , 84
2008-11-24 , 84
2008-11-25 , 84
2008-11-26 , 84
2008-11-27 , 84
2008-11-28 , 84
2008-11-29 , 84
2008-11-30 , 75
2008-12-01 , 75
2008-12-02 , 75
2008-12-03 , 75
2008-12-04 , 75
2008-12-05 , 75
2008-12-06 , 75
2008-12-07 , 75
2008-12-08 , 75
2008-12-09 , 75
2008-12-10 , 75
2008-12-11 , 75
2008-12-12 , 75
2008-12-13 , 75
2008-12-14 , 76
2008-12-15 , 76
2008-12-16 , 76
2008-12-17 , 76
2008-12-18 , 76
2008-12-19 , 76
2008-12-20 , 76
2008-12-21 , 92
2008-12-22 , 92
2008-12-23 , 92
2008-12-24 , 92
2008-12-25 , 92
2008-12-26 , 92
2008-12-27 , 92
2008-12-28 , 82
2009-01-01 , 86
2009-01-02 , 86
2009-01-03 , 86
2009-01-04 , 86
2009-01-05 , 86
2009-01-06 , 86
2009-01-07 , 86
2009-01-08 , 86
2009-01-09 , 86
2009-01-10 , 86
2009-01-11 , 75
2009-01-12 , 75
2009-01-13 , 75
2009-01-14 , 75
2009-01-15 , 75
2009-01-16 , 75
2009-01-17 , 75
2009-01-18 , 71
2009-01-19 , 71
2009-01-20 , 71
2009-01-21 , 71
2009-01-22 , 71
2009-01-23 , 71
2009-01-24 , 71
2009-01-25 , 72
2009-01-26 , 72
2009-01-27 , 72
2009-01-28 , 72
2009-01-29 , 72
2009-01-30 , 72
2009-01-31 , 72
2009-02-01 , 72
2009-02-02 , 72
2009-02-03 , 72
2009-02-04 , 72
2009-02-05 , 72
2009-02-06 , 72
2009-02-07 , 72
2009-02-08 , 69
2009-02-09 , 69
2009-02-10 , 69
2009-02-11 , 69
2009-02-12 , 69
2009-02-13 , 69
2009-02-14 , 69
2009-02-15 , 69
2009-02-16 , 69
2009-02-17 , 69
2009-02-18 , 69
2009-02-19 , 69
2009-02-20 , 69
2009-02-21 , 69
2009-02-22 , 70
2009-02-23 , 70
2009-02-24 , 70
2009-02-25 , 70
2009-02-26 , 70
2009-02-27 , 70
2009-02-28 , 70
2009-03-01 , 70
2009-03-02 , 70
2009-03-03 , 70
2009-03-04 , 70
2009-03-05 , 70
2009-03-06 , 70
2009-03-07 , 70
2009-03-08 , 75
2009-03-09 , 75
2009-03-10 , 75
2009-03-11 , 75
2009-03-12 , 75
2009-03-13 , 75
2009-03-14 , 75
2009-03-15 , 75
2009-03-16 , 75
2009-03-17 , 75
2009-03-18 , 75
2009-03-19 , 75
2009-03-20 , 75
2009-03-21 , 75
2009-03-22 , 69
2009-03-23 , 69
2009-03-24 , 69
2009-03-25 , 69
2009-03-26 , 69
2009-03-27 , 69
2009-03-28 , 69
2009-03-29 , 69
2009-03-30 , 69
2009-03-31 , 69
2009-04-01 , 69
2009-04-02 , 69
2009-04-03 , 69
2009-04-04 , 69
2009-04-05 , 67
2009-04-06 , 67
2009-04-07 , 67
2009-04-08 , 67
2009-04-09 , 67
2009-04-10 , 67
2009-04-11 , 67
2009-04-12 , 66
2009-04-13 , 66
2009-04-14 , 66
2009-04-15 , 66
2009-04-16 , 66
2009-04-17 , 66
2009-04-18 , 66
2009-04-19 , 67
2009-04-20 , 67
2009-04-21 , 67
2009-04-22 , 67
2009-04-23 , 67
2009-04-24 , 67
2009-04-25 , 67
2009-04-26 , 65
2009-04-27 , 65
2009-04-28 , 65
2009-04-29 , 65
2009-04-30 , 65
2009-05-01 , 65
2009-05-02 , 65
2009-05-03 , 64
2009-05-04 , 64
2009-05-05 , 64
2009-05-06 , 64
2009-05-07 , 64
2009-05-08 , 64
2009-05-09 , 64
2009-05-10 , 63
2009-05-11 , 63
2009-05-12 , 63
2009-05-13 , 63
2009-05-14 , 63
2009-05-15 , 63
2009-05-16 , 63
2009-05-17 , 64
2009-05-18 , 64
2009-05-19 , 64
2009-05-20 , 64
2009-05-21 , 64
2009-05-22 , 64
2009-05-23 , 64
2009-05-24 , 64
2009-05-25 , 64
2009-05-26 , 64
2009-05-27 , 64
2009-05-28 , 64
2009-05-29 , 64
2009-05-30 , 64
2009-05-31 , 67
2009-06-01 , 67
2009-06-02 , 67
2009-06-03 , 67
2009-06-04 , 67
2009-06-05 , 67
2009-06-06 , 67
2009-06-07 , 100
2009-06-08 , 100
2009-06-09 , 100
2009-06-10 , 100
2009-06-11 , 100
2009-06-12 , 100
2009-06-13 , 100
2009-06-14 , 90
2009-06-15 , 90
2009-06-16 , 90
2009-06-17 , 90
2009-06-18 , 90
2009-06-19 , 90
2009-06-20 , 90
2009-06-21 , 78
2009-06-22 , 78
2009-06-23 , 78
2009-06-24 , 78
2009-06-25 , 78
2009-06-26 , 78
2009-06-27 , 78
2009-06-28 , 71
2009-06-29 , 71
2009-06-30 , 71
2009-07-01 , 71
2009-07-02 , 71
2009-07-03 , 71
2009-07-04 , 71
2009-07-05 , 70
2009-07-06 , 70
2009-07-07 , 70
2009-07-08 , 70
2009-07-09 , 70
2009-07-10 , 70
2009-07-11 , 70
2009-07-12 , 71
2009-07-13 , 71
2009-07-14 , 71
2009-07-15 , 71
2009-07-16 , 71
2009-07-17 , 71
2009-07-18 , 71
2009-07-19 , 71
2009-07-20 , 71
2009-07-21 , 71
2009-07-22 , 71
2009-07-23 , 71
2009-07-24 , 71
2009-07-25 , 71
2009-07-26 , 74
2009-07-27 , 74
2009-07-28 , 74
2009-07-29 , 74
2009-07-30 , 74
2009-07-31 , 74
2009-08-01 , 74
2009-08-02 , 73
2009-08-03 , 73
2009-08-04 , 73
2009-08-05 , 73
2009-08-06 , 73
2009-08-07 , 73
2009-08-08 , 73
2009-08-09 , 75
2009-08-10 , 75
2009-08-11 , 75
2009-08-12 , 75
2009-08-13 , 75
2009-08-14 , 75
2009-08-15 , 75
2009-08-16 , 75
2009-08-17 , 75
2009-08-18 , 75
2009-08-19 , 75
2009-08-20 , 75
2009-08-21 , 75
2009-08-22 , 75
2009-08-23 , 81
2009-08-24 , 81
2009-08-25 , 81
2009-08-26 , 81
2009-08-27 , 81
2009-08-28 , 81
2009-08-29 , 81
2009-08-30 , 80
2009-08-31 , 80
2009-09-01 , 80
2009-09-02 , 80
2009-09-03 , 80
2009-09-04 , 80
2009-09-05 , 80
2009-09-06 , 98
2009-09-07 , 98
2009-09-08 , 98
2009-09-09 , 98
2009-09-10 , 98
2009-09-11 , 98
2009-09-12 , 98
2009-09-13 , 83
2009-09-14 , 83
2009-09-15 , 83
2009-09-16 , 83
2009-09-17 , 83
2009-09-18 , 83
2009-09-19 , 83
2009-09-20 , 79
2009-09-21 , 79
2009-09-22 , 79
2009-09-23 , 79
2009-09-24 , 79
2009-09-25 , 79
2009-09-26 , 79
2009-09-27 , 77
2009-09-28 , 77
2009-09-29 , 77
2009-09-30 , 77
2009-10-01 , 77
2009-10-02 , 77
2009-10-03 , 77
2009-10-04 , 77
2009-10-05 , 77
2009-10-06 , 77
2009-10-07 , 77
2009-10-08 , 77
2009-10-09 , 77
2009-10-10 , 77
2009-10-11 , 76
2009-10-12 , 76
2009-10-13 , 76
2009-10-14 , 76
2009-10-15 , 76
2009-10-16 , 76
2009-10-17 , 76
2009-10-18 , 89
2009-10-19 , 89
2009-10-20 , 89
2009-10-21 , 89
2009-10-22 , 89
2009-10-23 , 89
2009-10-24 , 89
2009-10-25 , 79
2009-10-26 , 79
2009-10-27 , 79
2009-10-28 , 79
2009-10-29 , 79
2009-10-30 , 79
2009-10-31 , 79
2009-11-01 , 79
2009-11-02 , 79
2009-11-03 , 79
2009-11-04 , 79
2009-11-05 , 79
2009-11-06 , 79
2009-11-07 , 79
2009-11-08 , 78
2009-11-09 , 78
2009-11-10 , 78
2009-11-11 , 78
2009-11-12 , 78
2009-11-13 , 78
2009-11-14 , 78
2009-11-15 , 78
2009-11-16 , 78
2009-11-17 , 78
2009-11-18 , 78
2009-11-19 , 78
2009-11-20 , 78
2009-11-21 , 78
2009-11-22 , 92
2009-11-23 , 92
2009-11-24 , 92
2009-11-25 , 92
2009-11-26 , 92
2009-11-27 , 92
2009-11-28 , 92
2009-11-29 , 84
2009-11-30 , 84
2009-12-01 , 84
2009-12-02 , 84
2009-12-03 , 84
2009-12-04 , 84
2009-12-05 , 84
2009-12-06 , 82
2009-12-07 , 82
2009-12-08 , 82
2009-12-09 , 82
2009-12-10 , 82
2009-12-11 , 82
2009-12-12 , 82
2009-12-13 , 84
2009-12-14 , 84
2009-12-15 , 84
2009-12-16 , 84
2009-12-17 , 84
2009-12-18 , 84
2009-12-19 , 84
2009-12-20 , 98
2009-12-21 , 98
2009-12-22 , 98
2009-12-23 , 98
2009-12-24 , 98
2009-12-25 , 98
2009-12-26 , 98
2009-12-27 , 98
2010-01-01 , 49
2010-01-02 , 49
2010-01-03 , 49
2010-01-04 , 49
2010-01-05 , 49
2010-01-06 , 49
2010-01-07 , 49
2010-01-08 , 49
2010-01-09 , 49
2010-01-10 , 44
2010-01-11 , 44
2010-01-12 , 44
2010-01-13 , 44
2010-01-14 , 44
2010-01-15 , 44
2010-01-16 , 44
2010-01-17 , 46
2010-01-18 , 46
2010-01-19 , 46
2010-01-20 , 46
2010-01-21 , 46
2010-01-22 , 46
2010-01-23 , 46
2010-01-24 , 100
2010-01-25 , 100
2010-01-26 , 100
2010-01-27 , 100
2010-01-28 , 100
2010-01-29 , 100
2010-01-30 , 100
2010-01-31 , 50
2010-02-01 , 50
2010-02-02 , 50
2010-02-03 , 50
2010-02-04 , 50
2010-02-05 , 50
2010-02-06 , 50
2010-02-07 , 42
2010-02-08 , 42
2010-02-09 , 42
2010-02-10 , 42
2010-02-11 , 42
2010-02-12 , 42
2010-02-13 , 42
2010-02-14 , 41
2010-02-15 , 41
2010-02-16 , 41
2010-02-17 , 41
2010-02-18 , 41
2010-02-19 , 41
2010-02-20 , 41
2010-02-21 , 40
2010-02-22 , 40
2010-02-23 , 40
2010-02-24 , 40
2010-02-25 , 40
2010-02-26 , 40
2010-02-27 , 40
2010-02-28 , 40
2010-03-01 , 40
2010-03-02 , 40
2010-03-03 , 40
2010-03-04 , 40
2010-03-05 , 40
2010-03-06 , 40
2010-03-07 , 41
2010-03-08 , 41
2010-03-09 , 41
2010-03-10 , 41
2010-03-11 , 41
2010-03-12 , 41
2010-03-13 , 41
2010-03-14 , 39
2010-03-15 , 39
2010-03-16 , 39
2010-03-17 , 39
2010-03-18 , 39
2010-03-19 , 39
2010-03-20 , 39
2010-03-21 , 38
2010-03-22 , 38
2010-03-23 , 38
2010-03-24 , 38
2010-03-25 , 38
2010-03-26 , 38
2010-03-27 , 38
2010-03-28 , 44
2010-03-29 , 44
2010-03-30 , 44
2010-03-31 , 44
2010-04-01 , 44
2010-04-02 , 44
2010-04-03 , 44
2010-04-04 , 51
2010-04-05 , 51
2010-04-06 , 51
2010-04-07 , 51
2010-04-08 , 51
2010-04-09 , 51
2010-04-10 , 51
2010-04-11 , 46
2010-04-12 , 46
2010-04-13 , 46
2010-04-14 , 46
2010-04-15 , 46
2010-04-16 , 46
2010-04-17 , 46
2010-04-18 , 45
2010-04-19 , 45
2010-04-20 , 45
2010-04-21 , 45
2010-04-22 , 45
2010-04-23 , 45
2010-04-24 , 45
2010-04-25 , 43
2010-04-26 , 43
2010-04-27 , 43
2010-04-28 , 43
2010-04-29 , 43
2010-04-30 , 43
2010-05-01 , 43
2010-05-02 , 44
2010-05-03 , 44
2010-05-04 , 44
2010-05-05 , 44
2010-05-06 , 44
2010-05-07 , 44
2010-05-08 , 44
2010-05-09 , 44
2010-05-10 , 44
2010-05-11 , 44
2010-05-12 , 44
2010-05-13 , 44
2010-05-14 , 44
2010-05-15 , 44
2010-05-16 , 42
2010-05-17 , 42
2010-05-18 , 42
2010-05-19 , 42
2010-05-20 , 42
2010-05-21 , 42
2010-05-22 , 42
2010-05-23 , 46
2010-05-24 , 46
2010-05-25 , 46
2010-05-26 , 46
2010-05-27 , 46
2010-05-28 , 46
2010-05-29 , 46
2010-05-30 , 47
2010-05-31 , 47
2010-06-01 , 47
2010-06-02 , 47
2010-06-03 , 47
2010-06-04 , 47
2010-06-05 , 47
2010-06-06 , 69
2010-06-07 , 69
2010-06-08 , 69
2010-06-09 , 69
2010-06-10 , 69
2010-06-11 , 69
2010-06-12 , 69
2010-06-13 , 58
2010-06-14 , 58
2010-06-15 , 58
2010-06-16 , 58
2010-06-17 , 58
2010-06-18 , 58
2010-06-19 , 58
2010-06-20 , 63
2010-06-21 , 63
2010-06-22 , 63
2010-06-23 , 63
2010-06-24 , 63
2010-06-25 , 63
2010-06-26 , 63
2010-06-27 , 55
2010-06-28 , 55
2010-06-29 , 55
2010-06-30 , 55
2010-07-01 , 55
2010-07-02 , 55
2010-07-03 , 55
2010-07-04 , 50
2010-07-05 , 50
2010-07-06 , 50
2010-07-07 , 50
2010-07-08 , 50
2010-07-09 , 50
2010-07-10 , 50
2010-07-11 , 56
2010-07-12 , 56
2010-07-13 , 56
2010-07-14 , 56
2010-07-15 , 56
2010-07-16 , 56
2010-07-17 , 56
2010-07-18 , 56
2010-07-19 , 56
2010-07-20 , 56
2010-07-21 , 56
2010-07-22 , 56
2010-07-23 , 56
2010-07-24 , 56
2010-07-25 , 56
2010-07-26 , 56
2010-07-27 , 56
2010-07-28 , 56
2010-07-29 , 56
2010-07-30 , 56
2010-07-31 , 56
2010-08-01 , 56
2010-08-02 , 56
2010-08-03 , 56
2010-08-04 , 56
2010-08-05 , 56
2010-08-06 , 56
2010-08-07 , 56
2010-08-08 , 53
2010-08-09 , 53
2010-08-10 , 53
2010-08-11 , 53
2010-08-12 , 53
2010-08-13 , 53
2010-08-14 , 53
2010-08-15 , 51
2010-08-16 , 51
2010-08-17 , 51
2010-08-18 , 51
2010-08-19 , 51
2010-08-20 , 51
2010-08-21 , 51
2010-08-22 , 52
2010-08-23 , 52
2010-08-24 , 52
2010-08-25 , 52
2010-08-26 , 52
2010-08-27 , 52
2010-08-28 , 52
2010-08-29 , 72
2010-08-30 , 72
2010-08-31 , 72
2010-09-01 , 72
2010-09-02 , 72
2010-09-03 , 72
2010-09-04 , 72
2010-09-05 , 60
2010-09-06 , 60
2010-09-07 , 60
2010-09-08 , 60
2010-09-09 , 60
2010-09-10 , 60
2010-09-11 , 60
2010-09-12 , 55
2010-09-13 , 55
2010-09-14 , 55
2010-09-15 , 55
2010-09-16 , 55
2010-09-17 , 55
2010-09-18 , 55
2010-09-19 , 53
2010-09-20 , 53
2010-09-21 , 53
2010-09-22 , 53
2010-09-23 , 53
2010-09-24 , 53
2010-09-25 , 53
2010-09-26 , 53
2010-09-27 , 53
2010-09-28 , 53
2010-09-29 , 53
2010-09-30 , 53
2010-10-01 , 53
2010-10-02 , 53
2010-10-03 , 52
2010-10-04 , 52
2010-10-05 , 52
2010-10-06 , 52
2010-10-07 , 52
2010-10-08 , 52
2010-10-09 , 52
2010-10-10 , 51
2010-10-11 , 51
2010-10-12 , 51
2010-10-13 , 51
2010-10-14 , 51
2010-10-15 , 51
2010-10-16 , 51
2010-10-17 , 59
2010-10-18 , 59
2010-10-19 , 59
2010-10-20 , 59
2010-10-21 , 59
2010-10-22 , 59
2010-10-23 , 59
2010-10-24 , 54
2010-10-25 , 54
2010-10-26 , 54
2010-10-27 , 54
2010-10-28 , 54
2010-10-29 , 54
2010-10-30 , 54
2010-10-31 , 52
2010-11-01 , 52
2010-11-02 , 52
2010-11-03 , 52
2010-11-04 , 52
2010-11-05 , 52
2010-11-06 , 52
2010-11-07 , 53
2010-11-08 , 53
2010-11-09 , 53
2010-11-10 , 53
2010-11-11 , 53
2010-11-12 , 53
2010-11-13 , 53
2010-11-14 , 59
2010-11-15 , 59
2010-11-16 , 59
2010-11-17 , 59
2010-11-18 , 59
2010-11-19 , 59
2010-11-20 , 59
2010-11-21 , 67
2010-11-22 , 67
2010-11-23 , 67
2010-11-24 , 67
2010-11-25 , 67
2010-11-26 , 67
2010-11-27 , 67
2010-11-28 , 58
2010-11-29 , 58
2010-11-30 , 58
2010-12-01 , 58
2010-12-02 , 58
2010-12-03 , 58
2010-12-04 , 58
2010-12-05 , 57
2010-12-06 , 57
2010-12-07 , 57
2010-12-08 , 57
2010-12-09 , 57
2010-12-10 , 57
2010-12-11 , 57
2010-12-12 , 58
2010-12-13 , 58
2010-12-14 , 58
2010-12-15 , 58
2010-12-16 , 58
2010-12-17 , 58
2010-12-18 , 58
2010-12-19 , 63
2010-12-20 , 63
2010-12-21 , 63
2010-12-22 , 63
2010-12-23 , 63
2010-12-24 , 63
2010-12-25 , 63
2010-12-26 , 66
2011-01-01 , 37
2011-01-02 , 37
2011-01-03 , 37
2011-01-04 , 37
2011-01-05 , 37
2011-01-06 , 37
2011-01-07 , 37
2011-01-08 , 37
2011-01-09 , 34
2011-01-10 , 34
2011-01-11 , 34
2011-01-12 , 34
2011-01-13 , 34
2011-01-14 , 34
2011-01-15 , 34
2011-01-16 , 35
2011-01-17 , 35
2011-01-18 , 35
2011-01-19 , 35
2011-01-20 , 35
2011-01-21 , 35
2011-01-22 , 35
2011-01-23 , 31
2011-01-24 , 31
2011-01-25 , 31
2011-01-26 , 31
2011-01-27 , 31
2011-01-28 , 31
2011-01-29 , 31
2011-01-30 , 31
2011-01-31 , 31
2011-02-01 , 31
2011-02-02 , 31
2011-02-03 , 31
2011-02-04 , 31
2011-02-05 , 31
2011-02-06 , 32
2011-02-07 , 32
2011-02-08 , 32
2011-02-09 , 32
2011-02-10 , 32
2011-02-11 , 32
2011-02-12 , 32
2011-02-13 , 31
2011-02-14 , 31
2011-02-15 , 31
2011-02-16 , 31
2011-02-17 , 31
2011-02-18 , 31
2011-02-19 , 31
2011-02-20 , 34
2011-02-21 , 34
2011-02-22 , 34
2011-02-23 , 34
2011-02-24 , 34
2011-02-25 , 34
2011-02-26 , 34
2011-02-27 , 45
2011-02-28 , 45
2011-03-01 , 45
2011-03-02 , 45
2011-03-03 , 45
2011-03-04 , 45
2011-03-05 , 45
2011-03-06 , 38
2011-03-07 , 38
2011-03-08 , 38
2011-03-09 , 38
2011-03-10 , 38
2011-03-11 , 38
2011-03-12 , 38
2011-03-13 , 36
2011-03-14 , 36
2011-03-15 , 36
2011-03-16 , 36
2011-03-17 , 36
2011-03-18 , 36
2011-03-19 , 36
2011-03-20 , 38
2011-03-21 , 38
2011-03-22 , 38
2011-03-23 , 38
2011-03-24 , 38
2011-03-25 , 38
2011-03-26 , 38
2011-03-27 , 35
2011-03-28 , 35
2011-03-29 , 35
2011-03-30 , 35
2011-03-31 , 35
2011-04-01 , 35
2011-04-02 , 35
2011-04-03 , 33
2011-04-04 , 33
2011-04-05 , 33
2011-04-06 , 33
2011-04-07 , 33
2011-04-08 , 33
2011-04-09 , 33
2011-04-10 , 32
2011-04-11 , 32
2011-04-12 , 32
2011-04-13 , 32
2011-04-14 , 32
2011-04-15 , 32
2011-04-16 , 32
2011-04-17 , 34
2011-04-18 , 34
2011-04-19 , 34
2011-04-20 , 34
2011-04-21 , 34
2011-04-22 , 34
2011-04-23 , 34
2011-04-24 , 35
2011-04-25 , 35
2011-04-26 , 35
2011-04-27 , 35
2011-04-28 , 35
2011-04-29 , 35
2011-04-30 , 35
2011-05-01 , 35
2011-05-02 , 35
2011-05-03 , 35
2011-05-04 , 35
2011-05-05 , 35
2011-05-06 , 35
2011-05-07 , 35
2011-05-08 , 34
2011-05-09 , 34
2011-05-10 , 34
2011-05-11 , 34
2011-05-12 , 34
2011-05-13 , 34
2011-05-14 , 34
2011-05-15 , 34
2011-05-16 , 34
2011-05-17 , 34
2011-05-18 , 34
2011-05-19 , 34
2011-05-20 , 34
2011-05-21 , 34
2011-05-22 , 33
2011-05-23 , 33
2011-05-24 , 33
2011-05-25 , 33
2011-05-26 , 33
2011-05-27 , 33
2011-05-28 , 33
2011-05-29 , 33
2011-05-30 , 33
2011-05-31 , 33
2011-06-01 , 33
2011-06-02 , 33
2011-06-03 , 33
2011-06-04 , 33
2011-06-05 , 41
2011-06-06 , 41
2011-06-07 , 41
2011-06-08 , 41
2011-06-09 , 41
2011-06-10 , 41
2011-06-11 , 41
2011-06-12 , 34
2011-06-13 , 34
2011-06-14 , 34
2011-06-15 , 34
2011-06-16 , 34
2011-06-17 , 34
2011-06-18 , 34
2011-06-19 , 34
2011-06-20 , 34
2011-06-21 , 34
2011-06-22 , 34
2011-06-23 , 34
2011-06-24 , 34
2011-06-25 , 34
2011-06-26 , 33
2011-06-27 , 33
2011-06-28 , 33
2011-06-29 , 33
2011-06-30 , 33
2011-07-01 , 33
2011-07-02 , 33
2011-07-03 , 33
2011-07-04 , 33
2011-07-05 , 33
2011-07-06 , 33
2011-07-07 , 33
2011-07-08 , 33
2011-07-09 , 33
2011-07-10 , 34
2011-07-11 , 34
2011-07-12 , 34
2011-07-13 , 34
2011-07-14 , 34
2011-07-15 , 34
2011-07-16 , 34
2011-07-17 , 40
2011-07-18 , 40
2011-07-19 , 40
2011-07-20 , 40
2011-07-21 , 40
2011-07-22 , 40
2011-07-23 , 40
2011-07-24 , 37
2011-07-25 , 37
2011-07-26 , 37
2011-07-27 , 37
2011-07-28 , 37
2011-07-29 , 37
2011-07-30 , 37
2011-07-31 , 35
2011-08-01 , 35
2011-08-02 , 35
2011-08-03 , 35
2011-08-04 , 35
2011-08-05 , 35
2011-08-06 , 35
2011-08-07 , 36
2011-08-08 , 36
2011-08-09 , 36
2011-08-10 , 36
2011-08-11 , 36
2011-08-12 , 36
2011-08-13 , 36
2011-08-14 , 36
2011-08-15 , 36
2011-08-16 , 36
2011-08-17 , 36
2011-08-18 , 36
2011-08-19 , 36
2011-08-20 , 36
2011-08-21 , 40
2011-08-22 , 40
2011-08-23 , 40
2011-08-24 , 40
2011-08-25 , 40
2011-08-26 , 40
2011-08-27 , 40
2011-08-28 , 37
2011-08-29 , 37
2011-08-30 , 37
2011-08-31 , 37
2011-09-01 , 37
2011-09-02 , 37
2011-09-03 , 37
2011-09-04 , 38
2011-09-05 , 38
2011-09-06 , 38
2011-09-07 , 38
2011-09-08 , 38
2011-09-09 , 38
2011-09-10 , 38
2011-09-11 , 37
2011-09-12 , 37
2011-09-13 , 37
2011-09-14 , 37
2011-09-15 , 37
2011-09-16 , 37
2011-09-17 , 37
2011-09-18 , 38
2011-09-19 , 38
2011-09-20 , 38
2011-09-21 , 38
2011-09-22 , 38
2011-09-23 , 38
2011-09-24 , 38
2011-09-25 , 40
2011-09-26 , 40
2011-09-27 , 40
2011-09-28 , 40
2011-09-29 , 40
2011-09-30 , 40
2011-10-01 , 40
2011-10-02 , 100
2011-10-03 , 100
2011-10-04 , 100
2011-10-05 , 100
2011-10-06 , 100
2011-10-07 , 100
2011-10-08 , 100
2011-10-09 , 65
2011-10-10 , 65
2011-10-11 , 65
2011-10-12 , 65
2011-10-13 , 65
2011-10-14 , 65
2011-10-15 , 65
2011-10-16 , 53
2011-10-17 , 53
2011-10-18 , 53
2011-10-19 , 53
2011-10-20 , 53
2011-10-21 , 53
2011-10-22 , 53
2011-10-23 , 48
2011-10-24 , 48
2011-10-25 , 48
2011-10-26 , 48
2011-10-27 , 48
2011-10-28 , 48
2011-10-29 , 48
2011-10-30 , 45
2011-10-31 , 45
2011-11-01 , 45
2011-11-02 , 45
2011-11-03 , 45
2011-11-04 , 45
2011-11-05 , 45
2011-11-06 , 43
2011-11-07 , 43
2011-11-08 , 43
2011-11-09 , 43
2011-11-10 , 43
2011-11-11 , 43
2011-11-12 , 43
2011-11-13 , 44
2011-11-14 , 44
2011-11-15 , 44
2011-11-16 , 44
2011-11-17 , 44
2011-11-18 , 44
2011-11-19 , 44
2011-11-20 , 53
2011-11-21 , 53
2011-11-22 , 53
2011-11-23 , 53
2011-11-24 , 53
2011-11-25 , 53
2011-11-26 , 53
2011-11-27 , 43
2011-11-28 , 43
2011-11-29 , 43
2011-11-30 , 43
2011-12-01 , 43
2011-12-02 , 43
2011-12-03 , 43
2011-12-04 , 42
2011-12-05 , 42
2011-12-06 , 42
2011-12-07 , 42
2011-12-08 , 42
2011-12-09 , 42
2011-12-10 , 42
2011-12-11 , 44
2011-12-12 , 44
2011-12-13 , 44
2011-12-14 , 44
2011-12-15 , 44
2011-12-16 , 44
2011-12-17 , 44
2011-12-18 , 47
2011-12-19 , 47
2011-12-20 , 47
2011-12-21 , 47
2011-12-22 , 47
2011-12-23 , 47
2011-12-24 , 47
2011-12-25 , 52
2012-01-01 , 50
2012-01-02 , 50
2012-01-03 , 50
2012-01-04 , 50
2012-01-05 , 50
2012-01-06 , 50
2012-01-07 , 50
2012-01-08 , 44
2012-01-09 , 44
2012-01-10 , 44
2012-01-11 , 44
2012-01-12 , 44
2012-01-13 , 44
2012-01-14 , 44
2012-01-15 , 43
2012-01-16 , 43
2012-01-17 , 43
2012-01-18 , 43
2012-01-19 , 43
2012-01-20 , 43
2012-01-21 , 43
2012-01-22 , 42
2012-01-23 , 42
2012-01-24 , 42
2012-01-25 , 42
2012-01-26 , 42
2012-01-27 , 42
2012-01-28 , 42
2012-01-29 , 41
2012-01-30 , 41
2012-01-31 , 41
2012-02-01 , 41
2012-02-02 , 41
2012-02-03 , 41
2012-02-04 , 41
2012-02-05 , 40
2012-02-06 , 40
2012-02-07 , 40
2012-02-08 , 40
2012-02-09 , 40
2012-02-10 , 40
2012-02-11 , 40
2012-02-12 , 40
2012-02-13 , 40
2012-02-14 , 40
2012-02-15 , 40
2012-02-16 , 40
2012-02-17 , 40
2012-02-18 , 40
2012-02-19 , 41
2012-02-20 , 41
2012-02-21 , 41
2012-02-22 , 41
2012-02-23 , 41
2012-02-24 , 41
2012-02-25 , 41
2012-02-26 , 42
2012-02-27 , 42
2012-02-28 , 42
2012-02-29 , 42
2012-03-01 , 42
2012-03-02 , 42
2012-03-03 , 42
2012-03-04 , 63
2012-03-05 , 63
2012-03-06 , 63
2012-03-07 , 63
2012-03-08 , 63
2012-03-09 , 63
2012-03-10 , 63
2012-03-11 , 49
2012-03-12 , 49
2012-03-13 , 49
2012-03-14 , 49
2012-03-15 , 49
2012-03-16 , 49
2012-03-17 , 49
2012-03-18 , 46
2012-03-19 , 46
2012-03-20 , 46
2012-03-21 , 46
2012-03-22 , 46
2012-03-23 , 46
2012-03-24 , 46
2012-03-25 , 42
2012-03-26 , 42
2012-03-27 , 42
2012-03-28 , 42
2012-03-29 , 42
2012-03-30 , 42
2012-03-31 , 42
2012-04-01 , 42
2012-04-02 , 42
2012-04-03 , 42
2012-04-04 , 42
2012-04-05 , 42
2012-04-06 , 42
2012-04-07 , 42
2012-04-08 , 39
2012-04-09 , 39
2012-04-10 , 39
2012-04-11 , 39
2012-04-12 , 39
2012-04-13 , 39
2012-04-14 , 39
2012-04-15 , 39
2012-04-16 , 39
2012-04-17 , 39
2012-04-18 , 39
2012-04-19 , 39
2012-04-20 , 39
2012-04-21 , 39
2012-04-22 , 39
2012-04-23 , 39
2012-04-24 , 39
2012-04-25 , 39
2012-04-26 , 39
2012-04-27 , 39
2012-04-28 , 39
2012-04-29 , 39
2012-04-30 , 39
2012-05-01 , 39
2012-05-02 , 39
2012-05-03 , 39
2012-05-04 , 39
2012-05-05 , 39
2012-05-06 , 38
2012-05-07 , 38
2012-05-08 , 38
2012-05-09 , 38
2012-05-10 , 38
2012-05-11 , 38
2012-05-12 , 38
2012-05-13 , 37
2012-05-14 , 37
2012-05-15 , 37
2012-05-16 , 37
2012-05-17 , 37
2012-05-18 , 37
2012-05-19 , 37
2012-05-20 , 37
2012-05-21 , 37
2012-05-22 , 37
2012-05-23 , 37
2012-05-24 , 37
2012-05-25 , 37
2012-05-26 , 37
2012-05-27 , 37
2012-05-28 , 37
2012-05-29 , 37
2012-05-30 , 37
2012-05-31 , 37
2012-06-01 , 37
2012-06-02 , 37
2012-06-03 , 38
2012-06-04 , 38
2012-06-05 , 38
2012-06-06 , 38
2012-06-07 , 38
2012-06-08 , 38
2012-06-09 , 38
2012-06-10 , 52
2012-06-11 , 52
2012-06-12 , 52
2012-06-13 , 52
2012-06-14 , 52
2012-06-15 , 52
2012-06-16 , 52
2012-06-17 , 42
2012-06-18 , 42
2012-06-19 , 42
2012-06-20 , 42
2012-06-21 , 42
2012-06-22 , 42
2012-06-23 , 42
2012-06-24 , 41
2012-06-25 , 41
2012-06-26 , 41
2012-06-27 , 41
2012-06-28 , 41
2012-06-29 , 41
2012-06-30 , 41
2012-07-01 , 41
2012-07-02 , 41
2012-07-03 , 41
2012-07-04 , 41
2012-07-05 , 41
2012-07-06 , 41
2012-07-07 , 41
2012-07-08 , 40
2012-07-09 , 40
2012-07-10 , 40
2012-07-11 , 40
2012-07-12 , 40
2012-07-13 , 40
2012-07-14 , 40
2012-07-15 , 41
2012-07-16 , 41
2012-07-17 , 41
2012-07-18 , 41
2012-07-19 , 41
2012-07-20 , 41
2012-07-21 , 41
2012-07-22 , 43
2012-07-23 , 43
2012-07-24 , 43
2012-07-25 , 43
2012-07-26 , 43
2012-07-27 , 43
2012-07-28 , 43
2012-07-29 , 41
2012-07-30 , 41
2012-07-31 , 41
2012-08-01 , 41
2012-08-02 , 41
2012-08-03 , 41
2012-08-04 , 41
2012-08-05 , 40
2012-08-06 , 40
2012-08-07 , 40
2012-08-08 , 40
2012-08-09 , 40
2012-08-10 , 40
2012-08-11 , 40
2012-08-12 , 41
2012-08-13 , 41
2012-08-14 , 41
2012-08-15 , 41
2012-08-16 , 41
2012-08-17 , 41
2012-08-18 , 41
2012-08-19 , 45
2012-08-20 , 45
2012-08-21 , 45
2012-08-22 , 45
2012-08-23 , 45
2012-08-24 , 45
2012-08-25 , 45
2012-08-26 , 51
2012-08-27 , 51
2012-08-28 , 51
2012-08-29 , 51
2012-08-30 , 51
2012-08-31 , 51
2012-09-01 , 51
2012-09-02 , 48
2012-09-03 , 48
2012-09-04 , 48
2012-09-05 , 48
2012-09-06 , 48
2012-09-07 , 48
2012-09-08 , 48
2012-09-09 , 100
2012-09-10 , 100
2012-09-11 , 100
2012-09-12 , 100
2012-09-13 , 100
2012-09-14 , 100
2012-09-15 , 100
2012-09-16 , 73
2012-09-17 , 73
2012-09-18 , 73
2012-09-19 , 73
2012-09-20 , 73
2012-09-21 , 73
2012-09-22 , 73
2012-09-23 , 68
2012-09-24 , 68
2012-09-25 , 68
2012-09-26 , 68
2012-09-27 , 68
2012-09-28 , 68
2012-09-29 , 68
2012-09-30 , 58
2012-10-01 , 58
2012-10-02 , 58
2012-10-03 , 58
2012-10-04 , 58
2012-10-05 , 58
2012-10-06 , 58
2012-10-07 , 54
2012-10-08 , 54
2012-10-09 , 54
2012-10-10 , 54
2012-10-11 , 54
2012-10-12 , 54
2012-10-13 , 54
2012-10-14 , 50
2012-10-15 , 50
2012-10-16 , 50
2012-10-17 , 50
2012-10-18 , 50
2012-10-19 , 50
2012-10-20 , 50
2012-10-21 , 68
2012-10-22 , 68
2012-10-23 , 68
2012-10-24 , 68
2012-10-25 , 68
2012-10-26 , 68
2012-10-27 , 68
2012-10-28 , 54
2012-10-29 , 54
2012-10-30 , 54
2012-10-31 , 54
2012-11-01 , 54
2012-11-02 , 54
2012-11-03 , 54
2012-11-04 , 50
2012-11-05 , 50
2012-11-06 , 50
2012-11-07 , 50
2012-11-08 , 50
2012-11-09 , 50
2012-11-10 , 50
2012-11-11 , 50
2012-11-12 , 50
2012-11-13 , 50
2012-11-14 , 50
2012-11-15 , 50
2012-11-16 , 50
2012-11-17 , 50
2012-11-18 , 62
2012-11-19 , 62
2012-11-20 , 62
2012-11-21 , 62
2012-11-22 , 62
2012-11-23 , 62
2012-11-24 , 62
2012-11-25 , 51
2012-11-26 , 51
2012-11-27 , 51
2012-11-28 , 51
2012-11-29 , 51
2012-11-30 , 51
2012-12-01 , 51
2012-12-02 , 51
2012-12-03 , 51
2012-12-04 , 51
2012-12-05 , 51
2012-12-06 , 51
2012-12-07 , 51
2012-12-08 , 51
2012-12-09 , 50
2012-12-10 , 50
2012-12-11 , 50
2012-12-12 , 50
2012-12-13 , 50
2012-12-14 , 50
2012-12-15 , 50
2012-12-16 , 52
2012-12-17 , 52
2012-12-18 , 52
2012-12-19 , 52
2012-12-20 , 52
2012-12-21 , 52
2012-12-22 , 52
2012-12-23 , 62
2012-12-24 , 62
2012-12-25 , 62
2012-12-26 , 62
2012-12-27 , 62
2012-12-28 , 62
2012-12-29 , 62
2012-12-30 , 52
2013-01-01 , 52
2013-01-02 , 52
2013-01-03 , 52
2013-01-04 , 52
2013-01-05 , 52
2013-01-06 , 52
2013-01-07 , 52
2013-01-08 , 52
2013-01-09 , 52
2013-01-10 , 52
2013-01-11 , 52
2013-01-12 , 52
2013-01-13 , 48
2013-01-14 , 48
2013-01-15 , 48
2013-01-16 , 48
2013-01-17 , 48
2013-01-18 , 48
2013-01-19 , 48
2013-01-20 , 49
2013-01-21 , 49
2013-01-22 , 49
2013-01-23 , 49
2013-01-24 , 49
2013-01-25 , 49
2013-01-26 , 49
2013-01-27 , 50
2013-01-28 , 50
2013-01-29 , 50
2013-01-30 , 50
2013-01-31 , 50
2013-02-01 , 50
2013-02-02 , 50
2013-02-03 , 48
2013-02-04 , 48
2013-02-05 , 48
2013-02-06 , 48
2013-02-07 , 48
2013-02-08 , 48
2013-02-09 , 48
2013-02-10 , 47
2013-02-11 , 47
2013-02-12 , 47
2013-02-13 , 47
2013-02-14 , 47
2013-02-15 , 47
2013-02-16 , 47
2013-02-17 , 47
2013-02-18 , 47
2013-02-19 , 47
2013-02-20 , 47
2013-02-21 , 47
2013-02-22 , 47
2013-02-23 , 47
2013-02-24 , 46
2013-02-25 , 46
2013-02-26 , 46
2013-02-27 , 46
2013-02-28 , 46
2013-03-01 , 46
2013-03-02 , 46
2013-03-03 , 44
2013-03-04 , 44
2013-03-05 , 44
2013-03-06 , 44
2013-03-07 , 44
2013-03-08 , 44
2013-03-09 , 44
2013-03-10 , 43
2013-03-11 , 43
2013-03-12 , 43
2013-03-13 , 43
2013-03-14 , 43
2013-03-15 , 43
2013-03-16 , 43
2013-03-17 , 46
2013-03-18 , 46
2013-03-19 , 46
2013-03-20 , 46
2013-03-21 , 46
2013-03-22 , 46
2013-03-23 , 46
2013-03-24 , 44
2013-03-25 , 44
2013-03-26 , 44
2013-03-27 , 44
2013-03-28 , 44
2013-03-29 , 44
2013-03-30 , 44
2013-03-31 , 43
2013-04-01 , 43
2013-04-02 , 43
2013-04-03 , 43
2013-04-04 , 43
2013-04-05 , 43
2013-04-06 , 43
2013-04-07 , 42
2013-04-08 , 42
2013-04-09 , 42
2013-04-10 , 42
2013-04-11 , 42
2013-04-12 , 42
2013-04-13 , 42
2013-04-14 , 42
2013-04-15 , 42
2013-04-16 , 42
2013-04-17 , 42
2013-04-18 , 42
2013-04-19 , 42
2013-04-20 , 42
2013-04-21 , 42
2013-04-22 , 42
2013-04-23 , 42
2013-04-24 , 42
2013-04-25 , 42
2013-04-26 , 42
2013-04-27 , 42
2013-04-28 , 42
2013-04-29 , 42
2013-04-30 , 42
2013-05-01 , 42
2013-05-02 , 42
2013-05-03 , 42
2013-05-04 , 42
2013-05-05 , 39
2013-05-06 , 39
2013-05-07 , 39
2013-05-08 , 39
2013-05-09 , 39
2013-05-10 , 39
2013-05-11 , 39
2013-05-12 , 41
2013-05-13 , 41
2013-05-14 , 41
2013-05-15 , 41
2013-05-16 , 41
2013-05-17 , 41
2013-05-18 , 41
2013-05-19 , 41
2013-05-20 , 41
2013-05-21 , 41
2013-05-22 , 41
2013-05-23 , 41
2013-05-24 , 41
2013-05-25 , 41
2013-05-26 , 41
2013-05-27 , 41
2013-05-28 , 41
2013-05-29 , 41
2013-05-30 , 41
2013-05-31 , 41
2013-06-01 , 41
2013-06-02 , 41
2013-06-03 , 41
2013-06-04 , 41
2013-06-05 , 41
2013-06-06 , 41
2013-06-07 , 41
2013-06-08 , 41
2013-06-09 , 58
2013-06-10 , 58
2013-06-11 , 58
2013-06-12 , 58
2013-06-13 , 58
2013-06-14 , 58
2013-06-15 , 58
2013-06-16 , 44
2013-06-17 , 44
2013-06-18 , 44
2013-06-19 , 44
2013-06-20 , 44
2013-06-21 , 44
2013-06-22 , 44
2013-06-23 , 43
2013-06-24 , 43
2013-06-25 , 43
2013-06-26 , 43
2013-06-27 , 43
2013-06-28 , 43
2013-06-29 , 43
2013-06-30 , 42
2013-07-01 , 42
2013-07-02 , 42
2013-07-03 , 42
2013-07-04 , 42
2013-07-05 , 42
2013-07-06 , 42
2013-07-07 , 44
2013-07-08 , 44
2013-07-09 , 44
2013-07-10 , 44
2013-07-11 , 44
2013-07-12 , 44
2013-07-13 , 44
2013-07-14 , 43
2013-07-15 , 43
2013-07-16 , 43
2013-07-17 , 43
2013-07-18 , 43
2013-07-19 , 43
2013-07-20 , 43
2013-07-21 , 44
2013-07-22 , 44
2013-07-23 , 44
2013-07-24 , 44
2013-07-25 , 44
2013-07-26 , 44
2013-07-27 , 44
2013-07-28 , 45
2013-07-29 , 45
2013-07-30 , 45
2013-07-31 , 45
2013-08-01 , 45
2013-08-02 , 45
2013-08-03 , 45
2013-08-04 , 44
2013-08-05 , 44
2013-08-06 , 44
2013-08-07 , 44
2013-08-08 , 44
2013-08-09 , 44
2013-08-10 , 44
2013-08-11 , 47
2013-08-12 , 47
2013-08-13 , 47
2013-08-14 , 47
2013-08-15 , 47
2013-08-16 , 47
2013-08-17 , 47
2013-08-18 , 46
2013-08-19 , 46
2013-08-20 , 46
2013-08-21 , 46
2013-08-22 , 46
2013-08-23 , 46
2013-08-24 , 46
2013-08-25 , 46
2013-08-26 , 46
2013-08-27 , 46
2013-08-28 , 46
2013-08-29 , 46
2013-08-30 , 46
2013-08-31 , 46
2013-09-01 , 46
2013-09-02 , 46
2013-09-03 , 46
2013-09-04 , 46
2013-09-05 , 46
2013-09-06 , 46
2013-09-07 , 46
2013-09-08 , 100
2013-09-09 , 100
2013-09-10 , 100
2013-09-11 , 100
2013-09-12 , 100
2013-09-13 , 100
2013-09-14 , 100
2013-09-15 , 74
2013-09-16 , 74
2013-09-17 , 74
2013-09-18 , 74
2013-09-19 , 74
2013-09-20 , 74
2013-09-21 , 74
2013-09-22 , 66
2013-09-23 , 66
2013-09-24 , 66
2013-09-25 , 66
2013-09-26 , 66
2013-09-27 , 66
2013-09-28 , 66
2013-09-29 , 58
2013-09-30 , 58
2013-10-01 , 58
2013-10-02 , 58
2013-10-03 , 58
2013-10-04 , 58
2013-10-05 , 58
2013-10-06 , 57
2013-10-07 , 57
2013-10-08 , 57
2013-10-09 , 57
2013-10-10 , 57
2013-10-11 , 57
2013-10-12 , 57
2013-10-13 , 54
2013-10-14 , 54
2013-10-15 , 54
2013-10-16 , 54
2013-10-17 , 54
2013-10-18 , 54
2013-10-19 , 54
2013-10-20 , 68
2013-10-21 , 68
2013-10-22 , 68
2013-10-23 , 68
2013-10-24 , 68
2013-10-25 , 68
2013-10-26 , 68
2013-10-27 , 59
2013-10-28 , 59
2013-10-29 , 59
2013-10-30 , 59
2013-10-31 , 59
2013-11-01 , 59
2013-11-02 , 59
2013-11-03 , 53
2013-11-04 , 53
2013-11-05 , 53
2013-11-06 , 53
2013-11-07 , 53
2013-11-08 , 53
2013-11-09 , 53
2013-11-10 , 53
2013-11-11 , 53
2013-11-12 , 53
2013-11-13 , 53
2013-11-14 , 53
2013-11-15 , 53
2013-11-16 , 53
2013-11-17 , 56
2013-11-18 , 56
2013-11-19 , 56
2013-11-20 , 56
2013-11-21 , 56
2013-11-22 , 56
2013-11-23 , 56
2013-11-24 , 64
2013-11-25 , 64
2013-11-26 , 64
2013-11-27 , 64
2013-11-28 , 64
2013-11-29 , 64
2013-11-30 , 64
2013-12-01 , 64
2013-12-02 , 64
2013-12-03 , 64
2013-12-04 , 64
2013-12-05 , 64
2013-12-06 , 64
2013-12-07 , 64
2013-12-08 , 49
2013-12-09 , 49
2013-12-10 , 49
2013-12-11 , 49
2013-12-12 , 49
2013-12-13 , 49
2013-12-14 , 49
2013-12-15 , 51
2013-12-16 , 51
2013-12-17 , 51
2013-12-18 , 51
2013-12-19 , 51
2013-12-20 , 51
2013-12-21 , 51
2013-12-22 , 61
2013-12-23 , 61
2013-12-24 , 61
2013-12-25 , 61
2013-12-26 , 61
2013-12-27 , 61
2013-12-28 , 61
2013-12-29 , 53
2014-01-01 , 36
2014-01-02 , 36
2014-01-03 , 36
2014-01-04 , 36
2014-01-05 , 36
2014-01-06 , 36
2014-01-07 , 36
2014-01-08 , 36
2014-01-09 , 36
2014-01-10 , 36
2014-01-11 , 36
2014-01-12 , 33
2014-01-13 , 33
2014-01-14 , 33
2014-01-15 , 33
2014-01-16 , 33
2014-01-17 , 33
2014-01-18 , 33
2014-01-19 , 32
2014-01-20 , 32
2014-01-21 , 32
2014-01-22 , 32
2014-01-23 , 32
2014-01-24 , 32
2014-01-25 , 32
2014-01-26 , 33
2014-01-27 , 33
2014-01-28 , 33
2014-01-29 , 33
2014-01-30 , 33
2014-01-31 , 33
2014-02-01 , 33
2014-02-02 , 31
2014-02-03 , 31
2014-02-04 , 31
2014-02-05 , 31
2014-02-06 , 31
2014-02-07 , 31
2014-02-08 , 31
2014-02-09 , 30
2014-02-10 , 30
2014-02-11 , 30
2014-02-12 , 30
2014-02-13 , 30
2014-02-14 , 30
2014-02-15 , 30
2014-02-16 , 30
2014-02-17 , 30
2014-02-18 , 30
2014-02-19 , 30
2014-02-20 , 30
2014-02-21 , 30
2014-02-22 , 30
2014-02-23 , 31
2014-02-24 , 31
2014-02-25 , 31
2014-02-26 , 31
2014-02-27 , 31
2014-02-28 , 31
2014-03-01 , 31
2014-03-02 , 30
2014-03-03 , 30
2014-03-04 , 30
2014-03-05 , 30
2014-03-06 , 30
2014-03-07 , 30
2014-03-08 , 30
2014-03-09 , 30
2014-03-10 , 30
2014-03-11 , 30
2014-03-12 , 30
2014-03-13 , 30
2014-03-14 , 30
2014-03-15 , 30
2014-03-16 , 30
2014-03-17 , 30
2014-03-18 , 30
2014-03-19 , 30
2014-03-20 , 30
2014-03-21 , 30
2014-03-22 , 30
2014-03-23 , 29
2014-03-24 , 29
2014-03-25 , 29
2014-03-26 , 29
2014-03-27 , 29
2014-03-28 , 29
2014-03-29 , 29
2014-03-30 , 29
2014-03-31 , 29
2014-04-01 , 29
2014-04-02 , 29
2014-04-03 , 29
2014-04-04 , 29
2014-04-05 , 29
2014-04-06 , 28
2014-04-07 , 28
2014-04-08 , 28
2014-04-09 , 28
2014-04-10 , 28
2014-04-11 , 28
2014-04-12 , 28
2014-04-13 , 29
2014-04-14 , 29
2014-04-15 , 29
2014-04-16 , 29
2014-04-17 , 29
2014-04-18 , 29
2014-04-19 , 29
2014-04-20 , 30
2014-04-21 , 30
2014-04-22 , 30
2014-04-23 , 30
2014-04-24 , 30
2014-04-25 , 30
2014-04-26 , 30
2014-04-27 , 30
2014-04-28 , 30
2014-04-29 , 30
2014-04-30 , 30
2014-05-01 , 30
2014-05-02 , 30
2014-05-03 , 30
2014-05-04 , 29
2014-05-05 , 29
2014-05-06 , 29
2014-05-07 , 29
2014-05-08 , 29
2014-05-09 , 29
2014-05-10 , 29
2014-05-11 , 28
2014-05-12 , 28
2014-05-13 , 28
2014-05-14 , 28
2014-05-15 , 28
2014-05-16 , 28
2014-05-17 , 28
2014-05-18 , 27
2014-05-19 , 27
2014-05-20 , 27
2014-05-21 , 27
2014-05-22 , 27
2014-05-23 , 27
2014-05-24 , 27
2014-05-25 , 29
2014-05-26 , 29
2014-05-27 , 29
2014-05-28 , 29
2014-05-29 , 29
2014-05-30 , 29
2014-05-31 , 29
2014-06-01 , 29
2014-06-02 , 29
2014-06-03 , 29
2014-06-04 , 29
2014-06-05 , 29
2014-06-06 , 29
2014-06-07 , 29
2014-06-08 , 29
2014-06-09 , 29
2014-06-10 , 29
2014-06-11 , 29
2014-06-12 , 29
2014-06-13 , 29
2014-06-14 , 29
2014-06-15 , 29
2014-06-16 , 29
2014-06-17 , 29
2014-06-18 , 29
2014-06-19 , 29
2014-06-20 , 29
2014-06-21 , 29
2014-06-22 , 28
2014-06-23 , 28
2014-06-24 , 28
2014-06-25 , 28
2014-06-26 , 28
2014-06-27 , 28
2014-06-28 , 28
2014-06-29 , 28
2014-06-30 , 28
2014-07-01 , 28
2014-07-02 , 28
2014-07-03 , 28
2014-07-04 , 28
2014-07-05 , 28
2014-07-06 , 29
2014-07-07 , 29
2014-07-08 , 29
2014-07-09 , 29
2014-07-10 , 29
2014-07-11 , 29
2014-07-12 , 29
2014-07-13 , 29
2014-07-14 , 29
2014-07-15 , 29
2014-07-16 , 29
2014-07-17 , 29
2014-07-18 , 29
2014-07-19 , 29
2014-07-20 , 31
2014-07-21 , 31
2014-07-22 , 31
2014-07-23 , 31
2014-07-24 , 31
2014-07-25 , 31
2014-07-26 , 31
2014-07-27 , 31
2014-07-28 , 31
2014-07-29 , 31
2014-07-30 , 31
2014-07-31 , 31
2014-08-01 , 31
2014-08-02 , 31
2014-08-03 , 31
2014-08-04 , 31
2014-08-05 , 31
2014-08-06 , 31
2014-08-07 , 31
2014-08-08 , 31
2014-08-09 , 31
2014-08-10 , 32
2014-08-11 , 32
2014-08-12 , 32
2014-08-13 , 32
2014-08-14 , 32
2014-08-15 , 32
2014-08-16 , 32
2014-08-17 , 32
2014-08-18 , 32
2014-08-19 , 32
2014-08-20 , 32
2014-08-21 , 32
2014-08-22 , 32
2014-08-23 , 32
2014-08-24 , 34
2014-08-25 , 34
2014-08-26 , 34
2014-08-27 , 34
2014-08-28 , 34
2014-08-29 , 34
2014-08-30 , 34
2014-08-31 , 37
2014-09-01 , 37
2014-09-02 , 37
2014-09-03 , 37
2014-09-04 , 37
2014-09-05 , 37
2014-09-06 , 37
2014-09-07 , 100
2014-09-08 , 100
2014-09-09 , 100
2014-09-10 , 100
2014-09-11 , 100
2014-09-12 , 100
2014-09-13 , 100
2014-09-14 , 56
2014-09-15 , 56
2014-09-16 , 56
2014-09-17 , 56
2014-09-18 , 56
2014-09-19 , 56
2014-09-20 , 56
2014-09-21 , 53
2014-09-22 , 53
2014-09-23 , 53
2014-09-24 , 53
2014-09-25 , 53
2014-09-26 , 53
2014-09-27 , 53
2014-09-28 , 45
2014-09-29 , 45
2014-09-30 , 45
2014-10-01 , 45
2014-10-02 , 45
2014-10-03 , 45
2014-10-04 , 45
2014-10-05 , 42
2014-10-06 , 42
2014-10-07 , 42
2014-10-08 , 42
2014-10-09 , 42
2014-10-10 , 42
2014-10-11 , 42
2014-10-12 , 47
2014-10-13 , 47
2014-10-14 , 47
2014-10-15 , 47
2014-10-16 , 47
2014-10-17 , 47
2014-10-18 , 47
2014-10-19 , 46
2014-10-20 , 46
2014-10-21 , 46
2014-10-22 , 46
2014-10-23 , 46
2014-10-24 , 46
2014-10-25 , 46
2014-10-26 , 40
2014-10-27 , 40
2014-10-28 , 40
2014-10-29 , 40
2014-10-30 , 40
2014-10-31 , 40
2014-11-01 , 40
2014-11-02 , 39
2014-11-03 , 39
2014-11-04 , 39
2014-11-05 , 39
2014-11-06 , 39
2014-11-07 , 39
2014-11-08 , 39
2014-11-09 , 37
2014-11-10 , 37
2014-11-11 , 37
2014-11-12 , 37
2014-11-13 , 37
2014-11-14 , 37
2014-11-15 , 37
2014-11-16 , 38
2014-11-17 , 38
2014-11-18 , 38
2014-11-19 , 38
2014-11-20 , 38
2014-11-21 , 38
2014-11-22 , 38
2014-11-23 , 45
2014-11-24 , 45
2014-11-25 , 45
2014-11-26 , 45
2014-11-27 , 45
2014-11-28 , 45
2014-11-29 , 45
2014-11-30 , 37
2014-12-01 , 37
2014-12-02 , 37
2014-12-03 , 37
2014-12-04 , 37
2014-12-05 , 37
2014-12-06 , 37
2014-12-07 , 37
2014-12-08 , 37
2014-12-09 , 37
2014-12-10 , 37
2014-12-11 , 37
2014-12-12 , 37
2014-12-13 , 37
2014-12-14 , 36
2014-12-15 , 36
2014-12-16 , 36
2014-12-17 , 36
2014-12-18 , 36
2014-12-19 , 36
2014-12-20 , 36
2014-12-21 , 42
2014-12-22 , 42
2014-12-23 , 42
2014-12-24 , 42
2014-12-25 , 42
2014-12-26 , 42
2014-12-27 , 42
2014-12-28 , 38
2015-01-01 , 52
2015-01-02 , 52
2015-01-03 , 52
2015-01-04 , 52
2015-01-05 , 52
2015-01-06 , 52
2015-01-07 , 52
2015-01-08 , 52
2015-01-09 , 52
2015-01-10 , 52
2015-01-11 , 49
2015-01-12 , 49
2015-01-13 , 49
2015-01-14 , 49
2015-01-15 , 49
2015-01-16 , 49
2015-01-17 , 49
2015-01-18 , 48
2015-01-19 , 48
2015-01-20 , 48
2015-01-21 , 48
2015-01-22 , 48
2015-01-23 , 48
2015-01-24 , 48
2015-01-25 , 49
2015-01-26 , 49
2015-01-27 , 49
2015-01-28 , 49
2015-01-29 , 49
2015-01-30 , 49
2015-01-31 , 49
2015-02-01 , 49
2015-02-02 , 49
2015-02-03 , 49
2015-02-04 , 49
2015-02-05 , 49
2015-02-06 , 49
2015-02-07 , 49
2015-02-08 , 47
2015-02-09 , 47
2015-02-10 , 47
2015-02-11 , 47
2015-02-12 , 47
2015-02-13 , 47
2015-02-14 , 47
2015-02-15 , 47
2015-02-16 , 47
2015-02-17 , 47
2015-02-18 , 47
2015-02-19 , 47
2015-02-20 , 47
2015-02-21 , 47
2015-02-22 , 47
2015-02-23 , 47
2015-02-24 , 47
2015-02-25 , 47
2015-02-26 , 47
2015-02-27 , 47
2015-02-28 , 47
2015-03-01 , 47
2015-03-02 , 47
2015-03-03 , 47
2015-03-04 , 47
2015-03-05 , 47
2015-03-06 , 47
2015-03-07 , 47
2015-03-08 , 79
2015-03-09 , 79
2015-03-10 , 79
2015-03-11 , 79
2015-03-12 , 79
2015-03-13 , 79
2015-03-14 , 79
2015-03-15 , 54
2015-03-16 , 54
2015-03-17 , 54
2015-03-18 , 54
2015-03-19 , 54
2015-03-20 , 54
2015-03-21 , 54
2015-03-22 , 49
2015-03-23 , 49
2015-03-24 , 49
2015-03-25 , 49
2015-03-26 , 49
2015-03-27 , 49
2015-03-28 , 49
2015-03-29 , 49
2015-03-30 , 49
2015-03-31 , 49
2015-04-01 , 49
2015-04-02 , 49
2015-04-03 , 49
2015-04-04 , 49
2015-04-05 , 56
2015-04-06 , 56
2015-04-07 , 56
2015-04-08 , 56
2015-04-09 , 56
2015-04-10 , 56
2015-04-11 , 56
2015-04-12 , 52
2015-04-13 , 52
2015-04-14 , 52
2015-04-15 , 52
2015-04-16 , 52
2015-04-17 , 52
2015-04-18 , 52
2015-04-19 , 54
2015-04-20 , 54
2015-04-21 , 54
2015-04-22 , 54
2015-04-23 , 54
2015-04-24 , 54
2015-04-25 , 54
2015-04-26 , 56
2015-04-27 , 56
2015-04-28 , 56
2015-04-29 , 56
2015-04-30 , 56
2015-05-01 , 56
2015-05-02 , 56
2015-05-03 , 49
2015-05-04 , 49
2015-05-05 , 49
2015-05-06 , 49
2015-05-07 , 49
2015-05-08 , 49
2015-05-09 , 49
2015-05-10 , 48
2015-05-11 , 48
2015-05-12 , 48
2015-05-13 , 48
2015-05-14 , 48
2015-05-15 , 48
2015-05-16 , 48
2015-05-17 , 49
2015-05-18 , 49
2015-05-19 , 49
2015-05-20 , 49
2015-05-21 , 49
2015-05-22 , 49
2015-05-23 , 49
2015-05-24 , 48
2015-05-25 , 48
2015-05-26 , 48
2015-05-27 , 48
2015-05-28 , 48
2015-05-29 , 48
2015-05-30 , 48
2015-05-31 , 49
2015-06-01 , 49
2015-06-02 , 49
2015-06-03 , 49
2015-06-04 , 49
2015-06-05 , 49
2015-06-06 , 49
2015-06-07 , 56
2015-06-08 , 56
2015-06-09 , 56
2015-06-10 , 56
2015-06-11 , 56
2015-06-12 , 56
2015-06-13 , 56
2015-06-14 , 50
2015-06-15 , 50
2015-06-16 , 50
2015-06-17 , 50
2015-06-18 , 50
2015-06-19 , 50
2015-06-20 , 50
2015-06-21 , 52
2015-06-22 , 52
2015-06-23 , 52
2015-06-24 , 52
2015-06-25 , 52
2015-06-26 , 52
2015-06-27 , 52
2015-06-28 , 60
2015-06-29 , 60
2015-06-30 , 60
2015-07-01 , 60
2015-07-02 , 60
2015-07-03 , 60
2015-07-04 , 60
2015-07-05 , 55
2015-07-06 , 55
2015-07-07 , 55
2015-07-08 , 55
2015-07-09 , 55
2015-07-10 , 55
2015-07-11 , 55
2015-07-12 , 53
2015-07-13 , 53
2015-07-14 , 53
2015-07-15 , 53
2015-07-16 , 53
2015-07-17 , 53
2015-07-18 , 53
2015-07-19 , 54
2015-07-20 , 54
2015-07-21 , 54
2015-07-22 , 54
2015-07-23 , 54
2015-07-24 , 54
2015-07-25 , 54
2015-07-26 , 52
2015-07-27 , 52
2015-07-28 , 52
2015-07-29 , 52
2015-07-30 , 52
2015-07-31 , 52
2015-08-01 , 52
2015-08-02 , 51
2015-08-03 , 51
2015-08-04 , 51
2015-08-05 , 51
2015-08-06 , 51
2015-08-07 , 51
2015-08-08 , 51
2015-08-09 , 53
2015-08-10 , 53
2015-08-11 , 53
2015-08-12 , 53
2015-08-13 , 53
2015-08-14 , 53
2015-08-15 , 53
2015-08-16 , 53
2015-08-17 , 53
2015-08-18 , 53
2015-08-19 , 53
2015-08-20 , 53
2015-08-21 , 53
2015-08-22 , 53
2015-08-23 , 54
2015-08-24 , 54
2015-08-25 , 54
2015-08-26 , 54
2015-08-27 , 54
2015-08-28 , 54
2015-08-29 , 54
2015-08-30 , 55
2015-08-31 , 55
2015-09-01 , 55
2015-09-02 , 55
2015-09-03 , 55
2015-09-04 , 55
2015-09-05 , 55
2015-09-06 , 100
2015-09-07 , 100
2015-09-08 , 100
2015-09-09 , 100
2015-09-10 , 100
2015-09-11 , 100
2015-09-12 , 100
2015-09-13 , 70
2015-09-14 , 70
2015-09-15 , 70
2015-09-16 , 70
2015-09-17 , 70
2015-09-18 , 70
2015-09-19 , 70
2015-09-20 , 71
2015-09-21 , 71
2015-09-22 , 71
2015-09-23 , 71
2015-09-24 , 71
2015-09-25 , 71
2015-09-26 , 71
2015-09-27 , 68
2015-09-28 , 68
2015-09-29 , 68
2015-09-30 , 68
2015-10-01 , 68
2015-10-02 , 68
2015-10-03 , 68
2015-10-04 , 66
2015-10-05 , 66
2015-10-06 , 66
2015-10-07 , 66
2015-10-08 , 66
2015-10-09 , 66
2015-10-10 , 66
2015-10-11 , 64
2015-10-12 , 64
2015-10-13 , 64
2015-10-14 , 64
2015-10-15 , 64
2015-10-16 , 64
2015-10-17 , 64
2015-10-18 , 61
2015-10-19 , 61
2015-10-20 , 61
2015-10-21 , 61
2015-10-22 , 61
2015-10-23 , 61
2015-10-24 , 61
2015-10-25 , 62
2015-10-26 , 62
2015-10-27 , 62
2015-10-28 , 62
2015-10-29 , 62
2015-10-30 , 62
2015-10-31 , 62
2015-11-01 , 62
2015-11-02 , 62
2015-11-03 , 62
2015-11-04 , 62
2015-11-05 , 62
2015-11-06 , 62
2015-11-07 , 62
2015-11-08 , 59
2015-11-09 , 59
2015-11-10 , 59
2015-11-11 , 59
2015-11-12 , 59
2015-11-13 , 59
2015-11-14 , 59
2015-11-15 , 59
2015-11-16 , 59
2015-11-17 , 59
2015-11-18 , 59
2015-11-19 , 59
2015-11-20 , 59
2015-11-21 , 59
2015-11-22 , 67
2015-11-23 , 67
2015-11-24 , 67
2015-11-25 , 67
2015-11-26 , 67
2015-11-27 , 67
2015-11-28 , 67
2015-11-29 , 58
2015-11-30 , 58
2015-12-01 , 58
2015-12-02 , 58
2015-12-03 , 58
2015-12-04 , 58
2015-12-05 , 58
2015-12-06 , 58
2015-12-07 , 58
2015-12-08 , 58
2015-12-09 , 58
2015-12-10 , 58
2015-12-11 , 58
2015-12-12 , 58
2015-12-13 , 57
2015-12-14 , 57
2015-12-15 , 57
2015-12-16 , 57
2015-12-17 , 57
2015-12-18 , 57
2015-12-19 , 57
2015-12-20 , 69
2015-12-21 , 69
2015-12-22 , 69
2015-12-23 , 69
2015-12-24 , 69
2015-12-25 , 69
2015-12-26 , 69
2015-12-27 , 63
2016-01-01 , 54
2016-01-02 , 54
2016-01-03 , 54
2016-01-04 , 54
2016-01-05 , 54
2016-01-06 , 54
2016-01-07 , 54
2016-01-08 , 54
2016-01-09 , 54
2016-01-10 , 49
2016-01-11 , 49
2016-01-12 , 49
2016-01-13 , 49
2016-01-14 , 49
2016-01-15 , 49
2016-01-16 , 49
2016-01-17 , 48
2016-01-18 , 48
2016-01-19 , 48
2016-01-20 , 48
2016-01-21 , 48
2016-01-22 , 48
2016-01-23 , 48
2016-01-24 , 50
2016-01-25 , 50
2016-01-26 , 50
2016-01-27 , 50
2016-01-28 , 50
2016-01-29 , 50
2016-01-30 , 50
2016-01-31 , 49
2016-02-01 , 49
2016-02-02 , 49
2016-02-03 , 49
2016-02-04 , 49
2016-02-05 , 49
2016-02-06 , 49
2016-02-07 , 48
2016-02-08 , 48
2016-02-09 , 48
2016-02-10 , 48
2016-02-11 , 48
2016-02-12 , 48
2016-02-13 , 48
2016-02-14 , 49
2016-02-15 , 49
2016-02-16 , 49
2016-02-17 , 49
2016-02-18 , 49
2016-02-19 , 49
2016-02-20 , 49
2016-02-21 , 48
2016-02-22 , 48
2016-02-23 , 48
2016-02-24 , 48
2016-02-25 , 48
2016-02-26 , 48
2016-02-27 , 48
2016-02-28 , 46
2016-02-29 , 46
2016-03-01 , 46
2016-03-02 , 46
2016-03-03 , 46
2016-03-04 , 46
2016-03-05 , 46
2016-03-06 , 46
2016-03-07 , 46
2016-03-08 , 46
2016-03-09 , 46
2016-03-10 , 46
2016-03-11 , 46
2016-03-12 , 46
2016-03-13 , 46
2016-03-14 , 46
2016-03-15 , 46
2016-03-16 , 46
2016-03-17 , 46
2016-03-18 , 46
2016-03-19 , 46
2016-03-20 , 67
2016-03-21 , 67
2016-03-22 , 67
2016-03-23 , 67
2016-03-24 , 67
2016-03-25 , 67
2016-03-26 , 67
2016-03-27 , 53
2016-03-28 , 53
2016-03-29 , 53
2016-03-30 , 53
2016-03-31 , 53
2016-04-01 , 53
2016-04-02 , 53
2016-04-03 , 50
2016-04-04 , 50
2016-04-05 , 50
2016-04-06 , 50
2016-04-07 , 50
2016-04-08 , 50
2016-04-09 , 50
2016-04-10 , 47
2016-04-11 , 47
2016-04-12 , 47
2016-04-13 , 47
2016-04-14 , 47
2016-04-15 , 47
2016-04-16 , 47
2016-04-17 , 46
2016-04-18 , 46
2016-04-19 , 46
2016-04-20 , 46
2016-04-21 , 46
2016-04-22 , 46
2016-04-23 , 46
2016-04-24 , 49
2016-04-25 , 49
2016-04-26 , 49
2016-04-27 , 49
2016-04-28 , 49
2016-04-29 , 49
2016-04-30 , 49
2016-05-01 , 49
2016-05-02 , 49
2016-05-03 , 49
2016-05-04 , 49
2016-05-05 , 49
2016-05-06 , 49
2016-05-07 , 49
2016-05-08 , 45
2016-05-09 , 45
2016-05-10 , 45
2016-05-11 , 45
2016-05-12 , 45
2016-05-13 , 45
2016-05-14 , 45
2016-05-15 , 46
2016-05-16 , 46
2016-05-17 , 46
2016-05-18 , 46
2016-05-19 , 46
2016-05-20 , 46
2016-05-21 , 46
2016-05-22 , 45
2016-05-23 , 45
2016-05-24 , 45
2016-05-25 , 45
2016-05-26 , 45
2016-05-27 , 45
2016-05-28 , 45
2016-05-29 , 45
2016-05-30 , 45
2016-05-31 , 45
2016-06-01 , 45
2016-06-02 , 45
2016-06-03 , 45
2016-06-04 , 45
2016-06-05 , 43
2016-06-06 , 43
2016-06-07 , 43
2016-06-08 , 43
2016-06-09 , 43
2016-06-10 , 43
2016-06-11 , 43
2016-06-12 , 50
2016-06-13 , 50
2016-06-14 , 50
2016-06-15 , 50
2016-06-16 , 50
2016-06-17 , 50
2016-06-18 , 50
2016-06-19 , 45
2016-06-20 , 45
2016-06-21 , 45
2016-06-22 , 45
2016-06-23 , 45
2016-06-24 , 45
2016-06-25 , 45
2016-06-26 , 45
2016-06-27 , 45
2016-06-28 , 45
2016-06-29 , 45
2016-06-30 , 45
2016-07-01 , 45
2016-07-02 , 45
2016-07-03 , 46
2016-07-04 , 46
2016-07-05 , 46
2016-07-06 , 46
2016-07-07 , 46
2016-07-08 , 46
2016-07-09 , 46
2016-07-10 , 48
2016-07-11 , 48
2016-07-12 , 48
2016-07-13 , 48
2016-07-14 , 48
2016-07-15 , 48
2016-07-16 , 48
2016-07-17 , 47
2016-07-18 , 47
2016-07-19 , 47
2016-07-20 , 47
2016-07-21 , 47
2016-07-22 , 47
2016-07-23 , 47
2016-07-24 , 47
2016-07-25 , 47
2016-07-26 , 47
2016-07-27 , 47
2016-07-28 , 47
2016-07-29 , 47
2016-07-30 , 47
2016-07-31 , 48
2016-08-01 , 48
2016-08-02 , 48
2016-08-03 , 48
2016-08-04 , 48
2016-08-05 , 48
2016-08-06 , 48
2016-08-07 , 45
2016-08-08 , 45
2016-08-09 , 45
2016-08-10 , 45
2016-08-11 , 45
2016-08-12 , 45
2016-08-13 , 45
2016-08-14 , 45
2016-08-15 , 45
2016-08-16 , 45
2016-08-17 , 45
2016-08-18 , 45
2016-08-19 , 45
2016-08-20 , 45
2016-08-21 , 48
2016-08-22 , 48
2016-08-23 , 48
2016-08-24 , 48
2016-08-25 , 48
2016-08-26 , 48
2016-08-27 , 48
2016-08-28 , 52
2016-08-29 , 52
2016-08-30 , 52
2016-08-31 , 52
2016-09-01 , 52
2016-09-02 , 52
2016-09-03 , 52
2016-09-04 , 100
2016-09-05 , 100
2016-09-06 , 100
2016-09-07 , 100
2016-09-08 , 100
2016-09-09 , 100
2016-09-10 , 100
2016-09-11 , 74
2016-09-12 , 74
2016-09-13 , 74
2016-09-14 , 74
2016-09-15 , 74
2016-09-16 , 74
2016-09-17 , 74
2016-09-18 , 70
2016-09-19 , 70
2016-09-20 , 70
2016-09-21 , 70
2016-09-22 , 70
2016-09-23 , 70
2016-09-24 , 70
2016-09-25 , 70
2016-09-26 , 70
2016-09-27 , 70
2016-09-28 , 70
2016-09-29 , 70
2016-09-30 , 70
2016-10-01 , 70
2016-10-02 , 66
2016-10-03 , 66
2016-10-04 , 66
2016-10-05 , 66
2016-10-06 , 66
2016-10-07 , 66
2016-10-08 , 66
2016-10-09 , 64
2016-10-10 , 64
2016-10-11 , 64
2016-10-12 , 64
2016-10-13 , 64
2016-10-14 , 64
2016-10-15 , 64
2016-10-16 , 60
2016-10-17 , 60
2016-10-18 , 60
2016-10-19 , 60
2016-10-20 , 60
2016-10-21 , 60
2016-10-22 , 60
2016-10-23 , 69
2016-10-24 , 69
2016-10-25 , 69
2016-10-26 , 69
2016-10-27 , 69
2016-10-28 , 69
2016-10-29 , 69
2016-10-30 , 59
2016-10-31 , 59
2016-11-01 , 59
2016-11-02 , 59
2016-11-03 , 59
2016-11-04 , 59
2016-11-05 , 59
2016-11-06 , 55
2016-11-07 , 55
2016-11-08 , 55
2016-11-09 , 55
2016-11-10 , 55
2016-11-11 , 55
2016-11-12 , 55
2016-11-13 , 58
2016-11-14 , 58
2016-11-15 , 58
2016-11-16 , 58
2016-11-17 , 58
2016-11-18 , 58
2016-11-19 , 58
2016-11-20 , 73
2016-11-21 , 73
2016-11-22 , 73
2016-11-23 , 73
2016-11-24 , 73
2016-11-25 , 73
2016-11-26 , 73
2016-11-27 , 59
2016-11-28 , 59
2016-11-29 , 59
2016-11-30 , 59
2016-12-01 , 59
2016-12-02 , 59
2016-12-03 , 59
2016-12-04 , 54
2016-12-05 , 54
2016-12-06 , 54
2016-12-07 , 54
2016-12-08 , 54
2016-12-09 , 54
2016-12-10 , 54
2016-12-11 , 56
2016-12-12 , 56
2016-12-13 , 56
2016-12-14 , 56
2016-12-15 , 56
2016-12-16 , 56
2016-12-17 , 56
2016-12-18 , 62
2016-12-19 , 62
2016-12-20 , 62
2016-12-21 , 62
2016-12-22 , 62
2016-12-23 , 62
2016-12-24 , 62
2016-12-25 , 67
2016-12-26 , 67
2016-12-27 , 67
2016-12-28 , 67
2016-12-29 , 67
2016-12-30 , 67
2016-12-31 , 67
